toponym_mention_id	toponym	GeoNarrative	PlaceID
BTJLMT1	שרקוסטה	1	K6347
BTJLMT2	איברו	1	GN3123754
BTJLMT3	טורטוסה	1	K9805
BTJLMT4	טרבונה	1	K7559
BTJLMT5	ספרד	1	K6471
BTJLMT6	ברזילונה	1	K582
BTJLMT7	יון	1	K8822
BTJLMT8	פישה	1	K251
BTJLMT9	גיינובה	1	K877
BTJLMT10	סיסיליא	1	K6284
BTJLMT11	אליכסאכרה	1	K667
BTJLMT12	מצרים	1	K8046
BTJLMT13	ארץ ישראל	1	K2501
BTJLMT14	גירונה	1	K8720
BTJLMT15	נירבונה	1	K10031
BTJLMT16	בידרש	1	K7195
BTJLMT17	הר געש	1	K7467
BTJLMT18	מונפישלייר	1	K7467
BTJLMT19	אלעדוה	1	K7951
BTJLMT20	למוברדיאה	1	K10968
BTJLMT21	רומה רבתא	1	K7637
BTJLMT22	מצרים	1	K8046
BTJLMT23	ארץ ישראל	1	K2501
BTJLMT24	יון	1	K8822
BTJLMT25	צרפת	1	K6399
BTJLMT26	ספרד	1	K6471
BTJLMT27	אינגילטירה	1	K12708
BTJLMT28	לוניל	1	K12204
BTJLMT29	פורייקיירש	1	K7808
BTJLMT30	נוגרש	1	K10262
BTJLMT31	בורקרשאלגיל	1	K10262
BTJLMT32	רודי	1	K2047
BTJLMT33	פרובינצא	1	K8962
BTJLMT34	אליש	1	K7224
BTJLMT35	מרסיליא	1	K7085
BTJLMT36	גיינובא	2	K877
BTJLMT37	סבתה	2	K8782
BTJLMT38	גיינובא	2	K877
BTJLMT39	פיסה	2	K251
BTJLMT40	פיסה	2	K251
BTJLMT41	לוקה	2	K6491
BTJLMT42	רומי רבתא	2	K440
BTJLMT43	קוסטאנטינופילו	3	K6927
BTJLMT44	קאפואה	4	K6800
BTJLMT45	פיצולו	4	K9790
BTJLMT46	סיריינטו	4	K9809
BTJLMT47	לומברדיאה	4	K10968
BTJLMT48	רומי	4	K440
BTJLMT49	נאפולי	4	K673
BTJLMT50	סלירפה	4	K6373
BTJLMT51	צפונת	4	K7024
BTJLMT52	מלאלפי	4	K6262
BTJLMT53	ביניווינטו	4	K6449
BTJLMT54	מלפי	4	K12281
BTJLMT55	פוליא	4	K7555
BTJLMT56	ארץ פול	4	K7555
BTJLMT57	אסקולי	4	GN3182747
BTJLMT58	טראני	4	K7879
BTJLMT59	ירושלם	4	K691
BTJLMT60	מיקולסדבר	4	K7504
BTJLMT61	ציקיליא'	4	K6284
BTJLMT62	טראטו	4	K8176
BTJLMT63	קלאבריא'	4	K7660
BTJLMT64	נרניס	4	K11068
BTJLMT65	אורנארו	5	K7029
BTJLMT66	יון	5	K8822
BTJLMT67	אוקרופוס	5	K1039
BTJLMT68	לבאנטה	5	K20954
BTJLMT69	נאטוליקץ	5	GN265507
BTJLMT70	אקילץ	5	U1
BTJLMT71	פאטרה	5	K12768
BTJLMT72	לופאנטי	5	K21742
BTJLMT73	קורש	5	GN259862
BTJLMT74	פורש	5	GN255730
BTJLMT75	קורונאטי	5	GN259289
BTJLMT76	טיוכס	5	K14830
BTJLMT77	ארגריפו	5	K14277
BTJLMT78	יבוסטריסו	5	GN258577
BTJLMT79	רווינגו	5	GN261211
BTJLMT80	שינץ פיטימון	5	GN258620
BTJLMT81	בילקאייה	5	K9259
BTJLMT82	יון	5	K8822
BTJLMT83	גרריקו	5	GN255638
BTJLMT84	ארמילו	5	BJ5
BTJLMT85	מישינה	5	BJ9
BTJLMT86	סיאלוסקי	5	K103
BTJLMT87	מטריסי	5	GN736795
BTJLMT88	רראמה	5	K14269
BTJLMT89	קניסטולי	5	GN735861
BTJLMT90	אבירו	5	K4579
BTJLMT91	קוסטאנטינו	5	K6927
BTJLMT92	יון	5	K8822
BTJLMT93	קוסטאנטינה	5	K6927
BTJLMT94	קוסטאנטינה	5	K6927
BTJLMT95	בבל	5	U4
BTJLMT96	שנער	5	Q1404297
BTJLMT97	מדי	5	K22613
BTJLMT98	פרס	5	K7639
BTJLMT99	מצרים	5	K8046
BTJLMT100	רושיא	5	U6
BTJLMT101	אונגריא'	5	Q171150
BTJLMT102	פסינגי	5	U2
BTJLMT103	בוריא'	5	U3
BTJLMT104	לומברדיא'	5	K10968
BTJLMT105	ספרד	5	K6471
BTJLMT106	בגדד	5	K662
BTJLMT107	בילוויראנוס	5	Q1472490
BTJLMT108	יון	5	K8822
BTJLMT109	ים סופיא'	5	U7
BTJLMT110	פירא.	5	K7544
BTJLMT111	ודורוסאטו(ל)	6	K22213
BTJLMT112	גליפולי	6	GN746983
BTJLMT113	קאליסי	6	PL844961
BTJLMT114	מיטולי	6	GN256866
BTJLMT115	רודיס	6	K2044
BTJLMT116	דופרוס	6	K7562
BTJLMT117	קורקוס	7	PL638939
BTJLMT118	הדוכיא'	7	K16830
BTJLMT119	מאל משטייר	7	U11
BTJLMT120	תרשיש	7	U10
BTJLMT121	אנטוכיה	7	K11503
BTJLMT122	נהר פיר	7	K5150
BTJLMT123	נחל יבוק		U9
BTJLMT124	הר הלבנון	7	K15821
BTJLMT125	חמת	7	K11554
BTJLMT126	ליגה	7	GN173576
BTJLMT127	לודקייא	7	GN173576
BTJLMT128	גיויל	7	K18052
BTJLMT129	בעל גד	7	K18052
BTJLMT130	הר הלבנון	7	K15821
BTJLMT131	קרמוס	7	GN173389
BTJLMT132	קדמות	7	GN173389
BTJLMT133	טריפולי	7	K13529
BTJLMT134	טרווילוס	7	K13529
BTJLMT135	ארץ ישראל	7	K2501
BTJLMT136	גובל	7	K15288
BTJLMT137	ברוטי	7	K651
BTJLMT138	בארות	7	K651
BTJLMT139	צידה	7	K13639
BTJLMT140	צידון	7	K13639
BTJLMT141	חרמון	7	K21726
BTJLMT142	צור החדשה	7	K14095
BTJLMT143	קארקשונה	7	K10934
BTJLMT144	צור החדשה	7	K14095
BTJLMT145	צור המעטירה	7	U12
BTJLMT146	צור החדשה	7	K14095
BTJLMT147	אקדי	7	K71
BTJLMT148	עכו	7	K71
BTJLMT149	ארץ ישראל	7	K2501
BTJLMT150	קדומים	8	K21499
BTJLMT151	ניפים	8	K791
BTJLMT152	גד החפה	8	K791
BTJLMT153	הר הכרמל	8	K1156
BTJLMT154	מערת אליהו	8	K26255
BTJLMT155	אליאס	8	U5
BTAdlerT1	Saragossa	1	K6347
BTAdlerT2	Ebro	1	GN3123754
BTAdlerT3	Tortosa	1	K9805
BTAdlerT4	Tarragona	1	K7559
BTAdlerT5	Sepharad	1	K6471
BTAdlerT6	Barcelona	1	K582
BTAdlerT7	Greece	1	K8822
BTAdlerT8	Pisa	1	K251
BTAdlerT9	Genoa	1	K877
BTAdlerT10	Sicily	1	K6284
BTAdlerT11	Alexandria	1	K667
BTAdlerT12	Egypt	1	K8046
BTAdlerT13	Palestine	1	K2501
BTAdlerT14	Gerona	1	K8720
BTAdlerT15	Narbonne	1	K10031
BTAdlerT16	Beziers	1	K7195
BTAdlerT17	Montpellier	1	K7467
BTAdlerT18	Algarve	1	K7951
BTAdlerT19	Lombardy	1	K10968
BTAdlerT20	Rome	1	K7637
BTAdlerT21	Egypt	1	K8046
BTAdlerT22	Palestine	1	K2501
BTAdlerT23	Greece	1	K8822
BTAdlerT24	France	1	K6399
BTAdlerT25	England	1	K12708
BTAdlerT26	Lunel	1	K12204
BTAdlerT27	Posquières	1	K7808
BTAdlerT28	Bourg de St. Gilles	1	K10262
BTAdlerT29	Rhone	1	K2047
BTAdlerT30	Provence	1	K8962
BTAdlerT31	Arles	1	K7224
BTAdlerT32	Marseilles	1	K7085
BTAdlerT33	Genoa	2	K877
BTAdlerT34	Ceuta	2	K8782
BTAdlerT35	Genoa	2	K877
BTAdlerT36	Pisa	2	K251
BTAdlerT37	Pisa	2	K251
BTAdlerT38	Lucca	2	K6491
BTAdlerT39	Rome	2	K440
BTAdlerT40	Capua	4	K6800
BTAdlerT41	Pozzuoli	4	K9790
BTAdlerT42	Sorrento	4	K9809
BTAdlerT43	Lombardy	4	K10968
BTAdlerT44	Rome	4	K440
BTAdlerT45	Naples	4	K673
BTAdlerT46	Salerno	4	K6373
BTAdlerT47	Siponto	4	K7024
BTAdlerT48	Amalfi	4	K6262
BTAdlerT49	Benevento	4	K6449
BTAdlerT50	Melfi	4	K12281
BTAdlerT51	Apulia	4	K7555
BTAdlerT52	Ascoli	4	GN3182747
BTAdlerT53	Trani	4	K7879
BTAdlerT54	Jerusalem	4	K691
BTAdlerT55	Colo di Bari	4	K7504
BTAdlerT56	Sicily	4	K6284
BTAdlerT57	Taranto	4	K8176
BTAdlerT58	Calabria	4	K7660
BTAdlerT59	Brindisi	4	K11068
BTAdlerT60	Otranto	5	K7029
BTAdlerT61	Corfu	5	K1039
BTAdlerT62	Arta	5	K20954
BTAdlerT63	Anatolica	5	GN265507
BTAdlerT64	Achelous	5	U1
BTAdlerT65	Patras	5	K12768
BTAdlerT66	Kifto (Lepanto)	5	K21742
BTAdlerT67	Crissa	5	GN259862
BTAdlerT68	Corinth	5	GN259289
BTAdlerT69	Thebes	5	K14830
BTAdlerT70	Greece	5	K8822
BTAdlerT71	Constantinople	5	K6927
BTAdlerT72	Egripo	5	K14277
BTAdlerT73	Jabustrisa	5	GN258577
BTAdlerT74	Rabonica	5	GN261211
BTAdlerT75	Sinon Potamo	5	GN258620
BTAdlerT76	Wallachia	5	K9259
BTAdlerT77	Greece	5	K8822
BTAdlerT78	Gardiki	5	GN255638
BTAdlerT79	Armylo	5	BJ5
BTAdlerT80	Vissena	5	BJ9
BTAdlerT81	Salonica	5	K103
BTAdlerT82	Demetrizi	5	GN736795
BTAdlerT83	Drama	5	K14269
BTAdlerT84	Christopoli	5	GN735861
BTAdlerT85	Abydos	5	K4579
BTAdlerT86	Constantinople	5	K6927
BTAdlerT87	Javan	5	K8822
BTAdlerT88	Constantinople	5	K6927
BTAdlerT89	Constantinople	5	K6927
BTAdlerT90	Babylon	5	U4
BTAdlerT91	Shinar	5	Q1404297
BTAdlerT92	Persia	5	K22613
BTAdlerT93	Media	5	K7639
BTAdlerT94	Egypt	5	K8046
BTAdlerT95	Russia	5	U6
BTAdlerT96	Hungaria	5	Q171150
BTAdlerT97	Patzinakia	5	U2
BTAdlerT98	Khazaria	5	U3
BTAdlerT99	Lombardy	5	K10968
BTAdlerT100	Sepharad	5	K6471
BTAdlerT101	Bagdad	5	K662
BTAdlerT102	Blachernae	5	Q1472490
BTAdlerT103	Greece	5	K8822
BTAdlerT104	sea of Marmora	5	U7
BTAdlerT105	Pera	5	K7544
BTAdlerT106	Rhaedestus	6	K22213
BTAdlerT107	Callipolis (Gallipoli)	6	GN746983
BTAdlerT108	Kales	6	PL844961
BTAdlerT109	Mytilene	6	GN256866
BTAdlerT110	Chios	6	K17289
BTAdlerT111	Samos	6	K14268
BTAdlerT112	Rhodes	6	K2044
BTAdlerT113	Cyprus	6	K7562
BTAdlerT114	Curicus (Kurch)	7	PL638939
BTAdlerT115	Armenia	7	K16830
BTAdlerT116	Malmistras	7	U11
BTAdlerT117	Tarshish	7	U10
BTAdlerT118	Antioch the Great	7	K11503
BTAdlerT119	Fur (Orontes)	7	K5150
BTAdlerT120	Jabbok		U9
BTAdlerT121	Mount Lebanon	7	K15821
BTAdlerT122	Hamath	7	K11554
BTAdlerT123	Lega	7	GN173576
BTAdlerT124	Ladikiya	7	GN173576
BTAdlerT125	Gebal (Gebela)	7	K18052
BTAdlerT126	Baal-Gad	7	K18052
BTAdlerT127	Lebanon	7	K15821
BTAdlerT128	Kadmus	7	GN173389
BTAdlerT129	Kedemoth	7	GN173389
BTAdlerT130	Sihon	7	U8
BTAdlerT131	Tripolis	7	K13529
BTAdlerT132	Tarabulus el Sham	7	K13529
BTAdlerT133	Land of Israel	7	K2501
BTAdlerT134	Gebal (Gubail)	7	K15288
BTAdlerT135	Beirut	7	K651
BTAdlerT136	Beeroth	7	K651
BTAdlerT137	Saida	7	K13639
BTAdlerT138	Sidon	7	K13639
BTAdlerT139	Mount Hermon	7	K21726
BTAdlerT140	Sidon	7	K14095
BTAdlerT141	Sarepta		
BTAdlerT142	Sarfend		
BTAdlerT143	Carcassonne	7	K10934
BTAdlerT144	Tyre	7	K14095
BTAdlerT145	Ancient Tyre	7	U12
BTAdlerT146	New Tyre	7	K14095
BTAdlerT147	Acre	7	K71
BTAdlerT148	land of Israel	7	K2501
BTAdlerT149	Kedumim	8	K21499
BTAdlerT150	Haifa	8	K791
BTAdlerT151	Mount Carmel	8	K1156
BTCasanatenseT1	סרקוסטא	1	K6347
BTCasanatenseT2	איברי	1	GN3123754
BTCasanatenseT3	ל??זורה	1	K9805
BTCasanatenseT4	נירגונה	1	K7559
BTCasanatenseT5	ספרד	1	K6471
BTCasanatenseT6	ברצלונה	1	K582
BTCasanatenseT7	יון	1	K8822
BTCasanatenseT8	פיסא	1	K251
BTCasanatenseT9	יינובא	1	K877
BTCasanatenseT10	סיציליאה	1	K6284
BTCasanatenseT11	אלכסנדר	1	K667
BTCasanatenseT12	מצרים	1	K8046
BTCasanatenseT13	ארץ ישראל	1	K2501
BTCasanatenseT14	גירונה	1	K8720
BTCasanatenseT15	נרבונה	1	K10031
BTCasanatenseT16	בדרש	1	K7195
BTCasanatenseT17	הר געש	1	K7467
BTCasanatenseT18	מונפישליר	1	K7467
BTCasanatenseT19	לומרדיאה	1	K10968
BTCasanatenseT20	רומה רבתא	1	K7637
BTCasanatenseT21	לוניל	1	K12204
BTCasanatenseT22	מגרש	1	K10262
BTCasanatenseT23	בורגו דשינגילי	1	K10262
BTCasanatenseT24	רואתנו	1	K2047
BTCasanatenseT25	פירובינצא	1	K8962
BTCasanatenseT26	מרשילה	1	K7085
BTCasanatenseT27	ייניבה	2	K877
BTCasanatenseT28	סיבתיא	2	K8782
BTCasanatenseT29	יינובה	2	K877
BTCasanatenseT30	פיסא	2	K251
BTCasanatenseT31	פיסא	2	K251
BTCasanatenseT32	לוקה	2	K6491
BTCasanatenseT33	רומה רבתא	2	K440
BTCasanatenseT34	קוסטנטינופולי	3	K6927
BTCasanatenseT35	קפיאה	4	K6800
BTCasanatenseT36	פצילי	4	K9790
BTCasanatenseT37	סוריינטו	4	K9809
BTCasanatenseT38	לומרדיאה	4	K10968
BTCasanatenseT39	דומה	4	K440
BTCasanatenseT40	סלירנה	4	K6373
BTCasanatenseT41	מלכי	4	K6262
BTCasanatenseT42	בינבנטו	4	K6449
BTCasanatenseT43	מלפה	4	K12281
BTCasanatenseT44	פוליא	4	K7555
BTCasanatenseT45	ארץ פול	4	K7555
BTCasanatenseT46	טרני	4	K7879
BTCasanatenseT47	ירושלם	4	K691
BTCasanatenseT48	נקולוש	4	K7504
BTCasanatenseT49	סיציליאה	4	K6284
BTCasanatenseT50	טרנטו	4	K8176
BTCasanatenseT51	קלבריאה	4	K7660
BTCasanatenseT52	ברינבס	4	K11068
BTCasanatenseT53	אוסרינטו	5	K7029
BTCasanatenseT54	יון	5	K8822
BTCasanatenseT55	קופרו	5	K1039
BTCasanatenseT56	לארטה	5	K20954
BTCasanatenseT57	נטוליקון	5	GN265507
BTCasanatenseT58	אפילון	5	U1
BTCasanatenseT59	_	5	K12768
BTCasanatenseT60	לכיפטו	5	K21742
BTCasanatenseT61	קרייש	5	GN259862
BTCasanatenseT62	קרש	5	GN255730
BTCasanatenseT63	קורנטו	5	GN259289
BTCasanatenseT64	תיביס	5	K14830
BTCasanatenseT65	יון	5	K8822
BTCasanatenseT66	קוסטנטינה.	5	K6927
BTCasanatenseT67	איגריט	5	K14277
BTCasanatenseT68	יבושטריסה	5	GN258577
BTCasanatenseT69	_	5	GN261211
BTCasanatenseT70	שיגופוטמו	5	GN258620
BTCasanatenseT71	הלבלירא	5	K9259
BTCasanatenseT72	יון	5	K8822
BTCasanatenseT73	גודיטו	5	GN255638
BTCasanatenseT74	ארמילו	5	BJ5
BTCasanatenseT75	בישינה	5	BJ9
BTCasanatenseT76	_	5	K103
BTCasanatenseT77	טוריס	5	GN736795
BTCasanatenseT78	רדמה	5	K14269
BTCasanatenseT79	קרישתופילי	5	GN735861
BTCasanatenseT80	אברו	5	K4579
BTCasanatenseT81	קושטינה	5	K6927
BTCasanatenseT82	יון	5	K8822
BTCasanatenseT83	קושטנטינה	5	K6927
BTCasanatenseT84	קוסטנטינה	5	K6927
BTCasanatenseT85	בבל	5	U4
BTCasanatenseT86	שנער	5	Q1404297
BTCasanatenseT87	מדי	5	K22613
BTCasanatenseT88	מצרים	5	K8046
BTCasanatenseT89	רוסיאה	5	U6
BTCasanatenseT90	אונגריאה	5	Q171150
BTCasanatenseT91	פיסינקי	5	U2
BTCasanatenseT92	כזריאה	5	U3
BTCasanatenseT93	לומברדיאה	5	K10968
BTCasanatenseT94	ספרד	5	K6471
BTCasanatenseT95	בגדד	5	K662
BTCasanatenseT96	בלבידיניש	5	Q1472490
BTCasanatenseT97	הים רוסיא	5	U7
BTCasanatenseT98	פיירה.	5	K7544
BTCasanatenseT99	_	6	K22213
BTCasanatenseT100	דפולי	6	GN746983
BTCasanatenseT101	קיליש	6	PL844961
BTCasanatenseT102	מיטילי	6	GN256866
BTCasanatenseT103	איפינו	6	K17289
BTCasanatenseT104	אסמו	6	K14268
BTCasanatenseT105	רודיש	6	K2044
BTCasanatenseT106	קורפוס	6	K7562
BTCasanatenseT107	קוקוס	7	PL638939
BTCasanatenseT108	הרוביא	7	K16830
BTCasanatenseT109	מילמישטריש	7	U11
BTCasanatenseT110	תרשיש	7	U10
BTCasanatenseT111	אנטוכיאה	7	K11503
BTCasanatenseT112	נהר פור	7	K5150
BTCasanatenseT113	נהר יבוק		U9
BTCasanatenseT114	הר הלבנון	7	K15821
BTCasanatenseT115	צמית	7	K11554
BTCasanatenseT116	ליגה	7	GN173576
BTCasanatenseT117	לדוקיה	7	GN173576
BTCasanatenseT118	לגובל	7	K18052
BTCasanatenseT119	בעל גד	7	K18052
BTCasanatenseT120	הר הלבנון	7	K15821
BTCasanatenseT121	קדמוס	7	GN173389
BTCasanatenseT122	קדמת סיחון	7	GN173389
BTCasanatenseT123	טריפול	7	K13529
BTCasanatenseT124	טרבלוס	7	K13529
BTCasanatenseT125	ארץ ישראל	7	K2501
BTCasanatenseT126	גיבל	7	K15288
BTCasanatenseT127	ברות	7	K651
BTCasanatenseT128	בארות	7	K651
BTCasanatenseT129	סידה	7	K13639
BTCasanatenseT130	צידון	7	K13639
BTCasanatenseT131	חרמון	7	K21726
BTCasanatenseT132	צרפתה	7	K4090
BTCasanatenseT133	צידון	7	K13639
BTCasanatenseT134	צור החדשה	7	K14095
BTCasanatenseT135	צור החדשה	7	K14095
BTCasanatenseT136	צור הקדומה	7	U12
BTCasanatenseT137	צור החדשה	7	K14095
BTCasanatenseT138	אקרי	7	K71
BTCasanatenseT139	עכו	7	K71
BTCasanatenseT140	ארץ ישראל	7	K2501
BTCasanatenseT141	קדומים	8	K21499
BTCasanatenseT142	קרפש	8	K791
BTCasanatenseT143	גד החפר	8	K791
BTCasanatenseT144	הר הכרמל	8	K1156
BTCasanatenseT145	מערת אלייהו	8	K26255
BTCasanatenseT146	שנת אלייש	8	U5
BTConstantinopleT1	שרקושטה	1	K6347
BTConstantinopleT2	איברו	1	GN3123754
BTConstantinopleT3	טורטושה	1	K9805
BTConstantinopleT4	טרבונה	1	K7559
BTConstantinopleT5	ספרד	1	K6471
BTConstantinopleT6	ברצלונה	1	K582
BTConstantinopleT7	יון	1	K8822
BTConstantinopleT8	פישה	1	K251
BTConstantinopleT9	גינואה	1	K877
BTConstantinopleT10	סיסילייא	1	K6284
BTConstantinopleT11	אלסכנדריא	1	K667
BTConstantinopleT12	מצרי'	1	K8046
BTConstantinopleT13	ארץ ישראל	1	K2501
BTConstantinopleT14	גירונדה	1	K8720
BTConstantinopleT15	נרבונה	1	K10031
BTConstantinopleT16	בידרש	1	K7195
BTConstantinopleT17	הר געש	1	K7467
BTConstantinopleT18	מונפישלייר	1	K7467
BTConstantinopleT19	אל עדוה	1	K7951
BTConstantinopleT20	לונברדייא	1	K10968
BTConstantinopleT21	רומא רבתא	1	K7637
BTConstantinopleT22	מצרים	1	K8046
BTConstantinopleT23	ארץ ישראל	1	K2501
BTConstantinopleT24	יון	1	K8822
BTConstantinopleT25	צרפת	1	K6399
BTConstantinopleT26	ספרד	1	K6471
BTConstantinopleT27	אינגלטירה	1	K12708
BTConstantinopleT28	לוניל	1	K12204
BTConstantinopleT29	פותייקיירש	1	K7808
BTConstantinopleT30	נוגרש	1	K10262
BTConstantinopleT31	בורק דשל גיל	1	K10262
BTConstantinopleT32	רודי	1	K2047
BTConstantinopleT33	פרובנצה	1	K8962
BTConstantinopleT34	ארליט	1	K7224
BTConstantinopleT35	מרשילייה	1	K7085
BTConstantinopleT36	גינואה	2	K877
BTConstantinopleT37	סבתה	2	K8782
BTConstantinopleT38	גינואה	2	K877
BTConstantinopleT39	פישא	2	K251
BTConstantinopleT40	פישא	2	K251
BTConstantinopleT41	לוקא	2	K6491
BTConstantinopleT42	רומא רבתא	2	K440
BTConstantinopleT43	קושטנטינופלי	3	K6927
BTConstantinopleT44	קפואה	4	K6800
BTConstantinopleT45	פוצול	4	K9790
BTConstantinopleT46	סוריינטו	4	K9809
BTConstantinopleT47	לונברדיאה	4	K10968
BTConstantinopleT48	רומ׳	4	K440
BTConstantinopleT49	נאפול	4	K673
BTConstantinopleT50	שלירפה	4	K6373
BTConstantinopleT51	ציפונת	4	K7024
BTConstantinopleT52	אמלפי	4	K6262
BTConstantinopleT53	בנאבינטו	4	K6449
BTConstantinopleT54	מלכי	4	K12281
BTConstantinopleT55	פוליא	4	K7555
BTConstantinopleT56	ארץ פול	4	K7555
BTConstantinopleT57	אסקולי	4	GN3182747
BTConstantinopleT58	טרנאה	4	K7879
BTConstantinopleT59	ירושלם	4	K691
BTConstantinopleT60	מיקילס	4	K7504
BTConstantinopleT61	ציקיליה	4	K6284
BTConstantinopleT62	טרנטו	4	K8176
BTConstantinopleT63	קלאבריאה	4	K7660
BTConstantinopleT64	ברנדיס	4	K11068
BTConstantinopleT65	אורנדו	5	K7029
BTConstantinopleT66	יון	5	K8822
BTConstantinopleT67	אוקרופוס	5	K1039
BTConstantinopleT68	לבטה	5	K20954
BTConstantinopleT69	נטוליקון	5	GN265507
BTConstantinopleT70	אכילון	5	U1
BTConstantinopleT71	פטרה	5	K12768
BTConstantinopleT72	לפנטו	5	K21742
BTConstantinopleT73	קורש	5	GN259862
BTConstantinopleT74	פורש	5	GN255730
BTConstantinopleT75	קורינטו	5	GN259289
BTConstantinopleT76	טיבש	5	K14830
BTConstantinopleT77	יון	5	K8822
BTConstantinopleT78	קושטטינופולי.	5	K6927
BTConstantinopleT79	ארגירפו	5	K14277
BTConstantinopleT80	יבושטריסה	5	GN258577
BTConstantinopleT81	רובינקה	5	GN261211
BTConstantinopleT82	שינון פוטמו	5	GN258620
BTConstantinopleT83	בלכיא	5	K9259
BTConstantinopleT84	יון	5	K8822
BTConstantinopleT85	גרדיגי	5	GN255638
BTConstantinopleT86	ארמולו	5	BJ5
BTConstantinopleT87	בישינה	5	BJ9
BTConstantinopleT88	סלוסקו	5	K103
BTConstantinopleT89	מיטריסי	5	GN736795
BTConstantinopleT90	דרמה	5	K14269
BTConstantinopleT91	קנישתולי	5	GN735861
BTConstantinopleT92	יבירו	5	K4579
BTConstantinopleT93	קושטנדינה	5	K6927
BTConstantinopleT94	יון	5	K8822
BTConstantinopleT95	קושטנטינה	5	K6927
BTConstantinopleT96	קושטאנטינה	5	K6927
BTConstantinopleT97	בבל	5	U4
BTConstantinopleT98	שנער	5	Q1404297
BTConstantinopleT99	מדי	5	K22613
BTConstantinopleT100	פרס	5	K7639
BTConstantinopleT101	מצרים	5	K8046
BTConstantinopleT102	רושיא	5	U6
BTConstantinopleT103	אונגריאה	5	Q171150
BTConstantinopleT104	פסיינקי	5	U2
BTConstantinopleT105	בוריא	5	U3
BTConstantinopleT106	לונברדייא	5	K10968
BTConstantinopleT107	ספרד	5	K6471
BTConstantinopleT108	בגדיד	5	K662
BTConstantinopleT109	בילבירנש	5	Q1472490
BTConstantinopleT110	יון	5	K8822
BTConstantinopleT111	ים שופיא	5	U7
BTConstantinopleT112	דיס פירא	5	K7544
BTConstantinopleT113	רודורטו	6	K22213
BTConstantinopleT114	גאליפולי	6	GN746983
BTConstantinopleT115	קלש	6	PL844961
BTConstantinopleT116	מיטילי	6	GN256866
BTConstantinopleT117	(ל)חיבא	6	K17289
BTConstantinopleT118	איסמו	6	K14268
BTConstantinopleT119	רודוש	6	K2044
BTConstantinopleT120	דופרוס	6	K7562
BTConstantinopleT121	קורקוס	7	PL638939
BTConstantinopleT122	הדוכיא	7	K16830
BTConstantinopleT123	מלמישטרש	7	U11
BTConstantinopleT124	תרשיש	7	U10
BTConstantinopleT125	אנטוכיא	7	K11503
BTConstantinopleT126	נהר פיר	7	K5150
BTConstantinopleT127	נחל יבוק		U9
BTConstantinopleT128	הר הלבנון	7	K15821
BTConstantinopleT129	חמת	7	K11554
BTConstantinopleT130	ליגא	7	GN173576
BTConstantinopleT131	לודקיא	7	GN173576
BTConstantinopleT132	גיבל	7	K18052
BTConstantinopleT133	בעל בר	7	K18052
BTConstantinopleT134	הר הלבנון	7	K15821
BTConstantinopleT135	קרמוס	7	GN173389
BTConstantinopleT136	קדמות	7	GN173389
BTConstantinopleT137	ארץ סיחון	7	U8
BTConstantinopleT138	טריפול	7	K13529
BTConstantinopleT139	טראבלוס	7	K13529
BTConstantinopleT140	ארץ ישראל	7	K2501
BTConstantinopleT141	גיבל	7	K15288
BTConstantinopleT142	בירוט	7	K651
BTConstantinopleT143	בארות	7	K651
BTConstantinopleT144	ציידא	7	K13639
BTConstantinopleT145	צידון	7	K13639
BTConstantinopleT146	חרמון	7	K21726
BTConstantinopleT147	צור החדשה	7	K14095
BTConstantinopleT148	קרקשונה	7	K10934
BTConstantinopleT149	צור החדשה	7	K14095
BTConstantinopleT150	צור הקדומה המעטירה	7	U12
BTConstantinopleT151	צורה החדשה	7	K14095
BTConstantinopleT152	אקדי	7	K71
BTConstantinopleT153	עכו	7	K71
BTConstantinopleT154	ארץ ישראל	7	K2501
BTConstantinopleT155	קדומים	8	K21499
BTConstantinopleT156	ניפש	8	K791
BTConstantinopleT157	גד החפה	8	K791
BTConstantinopleT158	הר הכרמל	8	K1156
BTConstantinopleT159	אליהו	8	K26255
BTConstantinopleT160	שנט אליש	8	U5
BTLondonT1	סרקסטא	1	K6347
BTLondonT2	אברו	1	GN3123754
BTLondonT3	טרטושא	1	K9805
BTLondonT4	תרכונה	1	K7559
BTLondonT5	ספרד	1	K6471
BTLondonT6	ברצלונה	1	K582
BTLondonT7	יוון	1	K8822
BTLondonT8	צקיליה	1	K6284
BTLondonT9	אסכנדריאה	1	K667
BTLondonT10	מצרים	1	K8046
BTLondonT11	ארץ ישראל	1	K2501
BTLondonT12	גרונדה	1	K8720
BTLondonT13	בדרש	1	K7195
BTLondonT14	געש	1	K7467
BTLondonT15	מונט פשליר	1	K7467
BTLondonT16	אל עדוה	1	K7951
BTLondonT17	לונברדיאה	1	K10968
BTLondonT18	רומה רבתא	1	K7637
BTLondonT19	מצרים	1	K8046
BTLondonT20	ארץ ישראל	1	K2501
BTLondonT21	יוון	1	K8822
BTLondonT22	צרפת	1	K6399
BTLondonT23	אינגלטירא	1	K12708
BTLondonT24	לוניל	1	K12204
BTLondonT25	פושקרש	1	K7808
BTLondonT26	מגרש	1	K10262
BTLondonT27	בורגו דשגיל	1	K10262
BTLondonT28	רודנו	1	K2047
BTLondonT29	פרובינסה.	1	K8962
BTLondonT30	ארליד	1	K7224
BTLondonT31	מרשיליה	1	K7085
BTLondonT32	יינובה	2	K877
BTLondonT33	סבתה	2	K8782
BTLondonT34	יינובה	2	K877
BTLondonT35	פיסא	2	K251
BTLondonT36	פיסא	2	K251
BTLondonT37	לוכה	2	K6491
BTLondonT38	רומה רבתא	2	K440
BTLondonT39	קפיאה	4	K6800
BTLondonT40	פוצוילי	4	K9790
BTLondonT41	סוריינטו	4	K9809
BTLondonT42	לונברדיאה	4	K10968
BTLondonT43	רומה	4	K440
BTLondonT44	נאפולי	4	K673
BTLondonT45	סלירנה	4	K6373
BTLondonT46	ציפינת	4	K7024
BTLondonT47	מלכי	4	K6262
BTLondonT48	בנבנתו	4	K6449
BTLondonT49	מלפי	4	K12281
BTLondonT50	פוליאה	4	K7555
BTLondonT51	ארץ פול	4	K7555
BTLondonT52	אשכולי	4	GN3182747
BTLondonT53	טראני	4	K7879
BTLondonT54	ירושלם	4	K691
BTLondonT55	קול	4	K7504
BTLondonT56	צקיליה	4	K6284
BTLondonT57	טירטנו	4	K8176
BTLondonT58	קלבריה	4	K7660
BTLondonT59	ברנדיש	4	K11068
BTLondonT60	אורדינדו	5	K7029
BTLondonT61	יון	5	K8822
BTLondonT62	אקורפוס	5	K1039
BTLondonT63	לרנוה	5	K20954
BTLondonT64	נטוליקון	5	GN265507
BTLondonT65	אפילון	5	U1
BTLondonT66	בלבירוש	5	Q1472490
BTLondonT67	יוון	5	K8822
BTLondonT68	יד רומי	5	U7
BTLondonT69	פיירה.	5	K7544
BTLondonT70	מדוטוס	6	K22213
BTLondonT71	קליפולי	6	GN746983
BTLondonT72	קילש	6	PL844961
BTLondonT73	מיטלי	6	GN256866
BTLondonT74	אפיוז	6	K17289
BTLondonT75	כמו	6	K14268
BTLondonT76	קורקוס	7	PL638939
BTLondonT77	תרוניה	7	K16830
BTLondonT78	מלמישטרוש	7	U11
BTLondonT79	תרשיש	7	U10
BTLondonT80	אנטוכיא	7	K11503
BTLondonT81	נהר פור	7	K5150
BTLondonT82	נחל יבוק		U9
BTLondonT83	הר הלבנון	7	K15821
BTLondonT84	חמת	7	K11554
BTLondonT85	ליגא	7	GN173576
BTLondonT86	לרוקיא	7	GN173576
BTLondonT87	גבאל	7	K18052
BTLondonT88	בעל גר	7	K18052
BTLondonT89	הר הלבנו׳	7	K15821
BTLondonT90	קרמוס	7	GN173389
BTLondonT91	קדמות	7	GN173389
BTLondonT92	ארץ סיחון	7	U8
BTLondonT93	טריפול	7	K13529
BTLondonT94	טרובלוס	7	K13529
BTLondonT95	ארץ ישראל	7	K2501
BTLondonT96	גבאל	7	K15288
BTLondonT97	ביקות	7	K651
BTLondonT98	בארות	7	K651
BTLondonT99	צידה	7	K13639
BTLondonT100	צידון	7	K13639
BTLondonT101	צרפתה	7	K4090
BTLondonT102	צור החדשה	7	K14095
BTLondonT103	צור הקדומה	7	U12
BTLondonT104	צור החדשה	7	K14095
BTLondonT105	אקרי	7	K71
BTLondonT106	עכו	7	K71
BTLondonT107	ארץ ישראל	7	K2501
BTLondonT108	קדומים	8	K21499
BTLondonT109	כיפש	8	K791
BTLondonT110	החפר	8	K791
BTLondonT111	הר הכרמל	8	K1156
BTLondonT112	מערת אליהו	8	K26255
BTLondonT113	שאן אליש	8	U5
